{"cameraMode":{"drawMode":0,"name":"Shaded","section":"Shading Mode"},"sceneLighting":false,"audioPlay":false,"sceneViewState":{"showFog":true,"showMaterialUpdate":false,"showSkybox":true,"showFlares":true,"showImageEffects":true,"showParticleSystems":true,"showVisualEffectGraphs":true,"m_FxEnabled":true},"in2DMode":false,"pivot":{"x":-0.49163562059402468,"y":-0.4561734199523926,"z":-4.683442115783691},"rotation":{"x":-0.016477258875966073,"y":0.9475346803665161,"z":-0.31538036465644839,"w":-0.04950515553355217},"size":6.334917068481445,"orthographic":false}